-- answers.sql
-- Database: Sales
-- Assignment: Database Design and Normalization

USE SalesDb;

-- ==============================
-- Question 1: Achieving 1NF
-- ==============================

DROP TABLE IF EXISTS ProductDetail_1NF;

CREATE TABLE ProductDetail_1NF (
    OrderID INT,
    CustomerName VARCHAR(100),
    Product VARCHAR(50)
);

INSERT INTO ProductDetail_1NF (OrderID, CustomerName, Product) VALUES
(101, 'John Doe', 'Laptop'),
(101, 'John Doe', 'Mouse'),
(102, 'Jane Smith', 'Tablet'),
(102, 'Jane Smith', 'Keyboard'),
(102, 'Jane Smith', 'Mouse'),
(103, 'Emily Clark', 'Phone');

SELECT * FROM ProductDetail_1NF;


-- ==============================
-- Question 2: Achieving 2NF
-- ==============================

DROP TABLE IF EXISTS OrderDetails_2NF;
DROP TABLE IF EXISTS Orders;

CREATE TABLE Orders (
    OrderID INT PRIMARY KEY,
    CustomerName VARCHAR(100)
);

INSERT INTO Orders (OrderID, CustomerName) VALUES
(101, 'John Doe'),
(102, 'Jane Smith'),
(103, 'Emily Clark');

CREATE TABLE OrderDetails_2NF (
    OrderID INT,
    Product VARCHAR(50),
    Quantity INT,
    PRIMARY KEY (OrderID, Product),
    FOREIGN KEY (OrderID) REFERENCES Orders(OrderID)
);

INSERT INTO OrderDetails_2NF (OrderID, Product, Quantity) VALUES
(101, 'Laptop', 2),
(101, 'Mouse', 1),
(102, 'Tablet', 3),
(102, 'Keyboard', 1),
(102, 'Mouse', 2),
(103, 'Phone', 1);

SELECT o.OrderID, o.CustomerName, d.Product, d.Quantity
FROM Orders o
JOIN OrderDetails_2NF d ON o.OrderID = d.OrderID;
